"DESCRIPTION","DURATION IN MS","NAME","PARENT SUITE","START TIME","STATUS","STOP TIME","SUB SUITE","SUITE","TEST CLASS","TEST METHOD"
"","8484","PD-550-551-556-557 Bucket overview - Search, Copy, Delete object","","Thu Dec 25 17:27:36 PKT 2025","passed","Thu Dec 25 17:27:45 PKT 2025","","22.Object Storage Tests","",""
"","5378","Редактировать конфигурацию сервера (не латиница)","","Thu Dec 25 15:20:16 PKT 2025","passed","Thu Dec 25 15:20:21 PKT 2025","","4.Servers - Configuration tab","",""
"","16414","[PD-708] Deleting any HDD disk out of 10 or all of them","","Thu Dec 25 15:41:33 PKT 2025","passed","Thu Dec 25 15:41:50 PKT 2025","","6.Servers - Disks tab Part1","",""
"","13262","PD-562-563-564 View Object - Enable, Disable Public rights, Delete in View Object","","Thu Dec 25 17:28:09 PKT 2025","passed","Thu Dec 25 17:28:22 PKT 2025","","22.Object Storage Tests","",""
"","10176","[PD-167] Загрузить новый пользовательский образ (с указанием минимальных параметров)","","Thu Dec 25 17:03:28 PKT 2025","failed","Thu Dec 25 17:03:38 PKT 2025","","21.Custom Templates Tests","",""
"","35129","[PD-96] Запуск","","Thu Dec 25 15:21:18 PKT 2025","passed","Thu Dec 25 15:21:53 PKT 2025","","5.Servers - Actions","",""
"","8185","Добавить сеть (С неправильным IP)","","Thu Dec 25 16:03:08 PKT 2025","passed","Thu Dec 25 16:03:16 PKT 2025","","9.Servers - Local Network tab","",""
"","18794","PD-81 Добавить расписание (С Час)","","Thu Dec 25 16:26:14 PKT 2025","passed","Thu Dec 25 16:26:32 PKT 2025","","12.Servers - Schedule Backup tab","",""
"","8153","[PD-448] Create - LB with empty ports (unsuccessful)","","Thu Dec 25 16:39:33 PKT 2025","passed","Thu Dec 25 16:39:41 PKT 2025","","14.Load Balancer Tests","",""
"","5402","[PD-671] Изменить имя диска NVME (не латиница)","","Thu Dec 25 15:53:03 PKT 2025","passed","Thu Dec 25 15:53:09 PKT 2025","","7.Servers - Disks tab Part2","",""
"","7380","[PD-735] Attach any SSD disk to VM up to 10","","Thu Dec 25 15:43:14 PKT 2025","passed","Thu Dec 25 15:43:21 PKT 2025","","6.Servers - Disks tab Part1","",""
"","14237","PD-78 Добавить сеть (Без перезагрузки сервера)  должен появиться НЕ свободным в списке публичных сетей","","Thu Dec 25 16:16:36 PKT 2025","passed","Thu Dec 25 16:16:51 PKT 2025","","10.Servers - Public IPs tab","",""
"","18448","PD-542 Creating bucket for Block access mode","","Thu Dec 25 17:29:14 PKT 2025","passed","Thu Dec 25 17:29:32 PKT 2025","","22.Object Storage Tests","",""
"","7453","[PD-150] Создать диск (HDD)","","Thu Dec 25 16:54:21 PKT 2025","passed","Thu Dec 25 16:54:28 PKT 2025","","19.Disks Tests","",""
"","9396","[PD-98] Пауза","","Thu Dec 25 15:22:27 PKT 2025","passed","Thu Dec 25 15:22:37 PKT 2025","","5.Servers - Actions","",""
"","4587","Редактировать конфигурацию сервера ( RAM - математическый символ )","","Thu Dec 25 15:20:50 PKT 2025","passed","Thu Dec 25 15:20:54 PKT 2025","","4.Servers - Configuration tab","",""
"","13968","PD-527 User Agreement link validation","","Thu Dec 25 17:24:21 PKT 2025","passed","Thu Dec 25 17:24:35 PKT 2025","","22.Object Storage Tests","",""
"","10984","[PD-823] Create - LB with another set of ports that are in use already (unsuccessful)","","Thu Dec 25 16:39:41 PKT 2025","passed","Thu Dec 25 16:39:52 PKT 2025","","14.Load Balancer Tests","",""
"","10061","PD-528 Price List link validation","","Thu Dec 25 17:24:35 PKT 2025","passed","Thu Dec 25 17:24:45 PKT 2025","","22.Object Storage Tests","",""
"","8795","PD-769-772 Versions tab - Versioning tests","","Thu Dec 25 17:20:21 PKT 2025","failed","Thu Dec 25 17:20:29 PKT 2025","","22.Object Storage Tests","",""
"","4806","[PD-667] Изменить имя диска NVME (пустое называние)","","Thu Dec 25 15:52:42 PKT 2025","passed","Thu Dec 25 15:52:47 PKT 2025","","7.Servers - Disks tab Part2","",""
"","8283","Добавить диск (Размер превышает лимит)","","Thu Dec 25 15:37:21 PKT 2025","passed","Thu Dec 25 15:37:29 PKT 2025","","6.Servers - Disks tab Part1","",""
"","4638","Поиск серверов по называнию","","Thu Dec 25 16:36:37 PKT 2025","passed","Thu Dec 25 16:36:42 PKT 2025","","13.Servers list Tests ","",""
"","13066","[PD-733] Detach any NVME disk out of 10","","Thu Dec 25 15:44:52 PKT 2025","passed","Thu Dec 25 15:45:05 PKT 2025","","6.Servers - Disks tab Part1","",""
"","16933","Добавить сеть ( Без перезагрузки сервера)","","Thu Dec 25 16:02:44 PKT 2025","passed","Thu Dec 25 16:03:01 PKT 2025","","9.Servers - Local Network tab","",""
"","4775","PD-459 Creating DNS with valid addess","","Thu Dec 25 16:42:43 PKT 2025","passed","Thu Dec 25 16:42:48 PKT 2025","","17.Networks - Dns tab","",""
"","9162","PD-588 Delete Private bucket","","Thu Dec 25 17:21:21 PKT 2025","failed","Thu Dec 25 17:21:30 PKT 2025","","22.Object Storage Tests","",""
"","6384","PD-462 Creating DNS with existing adress (unsuccessful)","","Thu Dec 25 16:42:57 PKT 2025","passed","Thu Dec 25 16:43:04 PKT 2025","","17.Networks - Dns tab","",""
"","20610","PD-85 Добавить расписание (С Год)","","Thu Dec 25 16:27:27 PKT 2025","passed","Thu Dec 25 16:27:48 PKT 2025","","12.Servers - Schedule Backup tab","",""
"","17733","Если в списке есть сервер, в статусе Новый, то невозможно зайти в его детали","","Thu Dec 25 16:29:52 PKT 2025","failed","Thu Dec 25 16:30:10 PKT 2025","","13.Servers list Tests ","",""
"","7170","[PD-705] Renaming any HDD disk out of 10 (successful)","","Thu Dec 25 15:40:51 PKT 2025","passed","Thu Dec 25 15:40:58 PKT 2025","","6.Servers - Disks tab Part1","",""
"","5156","[PD-677] Увеличить NVME диск автоматически - С перезагрузкой серверa (0)","","Thu Dec 25 15:54:55 PKT 2025","passed","Thu Dec 25 15:55:01 PKT 2025","","7.Servers - Disks tab Part2","",""
"","14794","Отвязать сеть","","Thu Dec 25 16:04:20 PKT 2025","passed","Thu Dec 25 16:04:35 PKT 2025","","9.Servers - Local Network tab","",""
"","10737","[PD-824] Edit - editing LB Name and Description with valid data","","Thu Dec 25 16:40:38 PKT 2025","passed","Thu Dec 25 16:40:48 PKT 2025","","14.Load Balancer Tests","",""
"","7757","[PD-706] Renaming any SSD disk out of 10 (successful)","","Thu Dec 25 15:42:36 PKT 2025","passed","Thu Dec 25 15:42:44 PKT 2025","","6.Servers - Disks tab Part1","",""
"","18518","[PD-493], [PD-499] Creating security group with outbound rule (Accept/Reject -> Protocal: Any, with valid port and IP)","","Thu Dec 25 16:46:25 PKT 2025","failed","Thu Dec 25 16:46:44 PKT 2025","","18.Security Groups Tests","",""
"","11224","[PD-170] Создать сервер с загруженным пользовательским образом","","Thu Dec 25 17:03:44 PKT 2025","passed","Thu Dec 25 17:03:55 PKT 2025","","21.Custom Templates Tests","",""
"","4017","PD-465 X icon while adding DNS","","Thu Dec 25 16:43:04 PKT 2025","passed","Thu Dec 25 16:43:08 PKT 2025","","17.Networks - Dns tab","",""
"","10357","PD-750 Delete Block bucket","","Thu Dec 25 17:21:00 PKT 2025","failed","Thu Dec 25 17:21:11 PKT 2025","","22.Object Storage Tests","",""
"","8034","Удалить диск (когда сервер не остановлен)","","Thu Dec 25 15:37:45 PKT 2025","failed","Thu Dec 25 15:37:53 PKT 2025","","6.Servers - Disks tab Part1","",""
"","15660","PD-540 Creating bucket for Public-full access mode","","Thu Dec 25 17:28:39 PKT 2025","passed","Thu Dec 25 17:28:55 PKT 2025","","22.Object Storage Tests","",""
"","13408","[PD-24] Создать новый сервер с неправильными ресурсами (SSD Disk негативное число)","","Thu Dec 25 15:16:41 PKT 2025","passed","Thu Dec 25 15:16:54 PKT 2025","","3.Create Server Tests Part2","",""
"","4031","[PD-6] Вход в аккаунт (не правильный логин или пароль)","","Thu Dec 25 14:59:33 PKT 2025","passed","Thu Dec 25 14:59:37 PKT 2025","","1.Login Tests","",""
"","4433","Удалить диск","","Thu Dec 25 15:58:03 PKT 2025","passed","Thu Dec 25 15:58:08 PKT 2025","","8.Servers - Disks tab Part3","",""
"","4581","[PD-695] Изменить имя диска NVME - кнопка «Отмена»","","Thu Dec 25 15:52:38 PKT 2025","passed","Thu Dec 25 15:52:42 PKT 2025","","7.Servers - Disks tab Part2","",""
"","5280","[PD-682] Увеличить NVME диск вручную - Без перезагрузки сервера (0)","","Thu Dec 25 15:53:38 PKT 2025","passed","Thu Dec 25 15:53:43 PKT 2025","","7.Servers - Disks tab Part2","",""
"","17520","PD-83 Добавить расписание (С Неделя)","","Thu Dec 25 16:26:51 PKT 2025","passed","Thu Dec 25 16:27:08 PKT 2025","","12.Servers - Schedule Backup tab","",""
"","5557","Редактировать конфигурацию сервера ( RAM - превышает лимит )","","Thu Dec 25 15:20:55 PKT 2025","passed","Thu Dec 25 15:21:00 PKT 2025","","4.Servers - Configuration tab","",""
"","16521","[PD-29] Создать новый сервер с 0 копией Бэкапа","","Thu Dec 25 15:16:06 PKT 2025","passed","Thu Dec 25 15:16:22 PKT 2025","","3.Create Server Tests Part2","",""
"","1834","[PD-2] Вход в аккаунт (успешно)","","Thu Dec 25 14:59:46 PKT 2025","passed","Thu Dec 25 14:59:47 PKT 2025","","1.Login Tests","",""
"","10733","[PD-822] Create - LB with symbols (unsuccessful))","","Thu Dec 25 16:39:04 PKT 2025","passed","Thu Dec 25 16:39:15 PKT 2025","","14.Load Balancer Tests","",""
"","7816","Удалить сервер, имеющим бекапы. (должен появиться запрет и предупреждение)","","Thu Dec 25 15:20:21 PKT 2025","passed","Thu Dec 25 15:20:29 PKT 2025","","4.Servers - Configuration tab","",""
"","14365","PD-553 Bucket overview - Move selected object to another bucket","","Thu Dec 25 17:26:45 PKT 2025","passed","Thu Dec 25 17:26:59 PKT 2025","","22.Object Storage Tests","",""
"","16404","Привязать Диск (для этого должен быть в наличии свободный глобальный диск)","","Thu Dec 25 15:38:02 PKT 2025","passed","Thu Dec 25 15:38:19 PKT 2025","","6.Servers - Disks tab Part1","",""
"","8252","[PD-693] Создать NVME диск (только цифры)","","Thu Dec 25 15:52:24 PKT 2025","passed","Thu Dec 25 15:52:32 PKT 2025","","7.Servers - Disks tab Part2","",""
"","19135","PD-752 Creating bucket for Block + Versioning combined modes","","Thu Dec 25 17:29:33 PKT 2025","failed","Thu Dec 25 17:29:52 PKT 2025","","22.Object Storage Tests","",""
"","9321","[PD-470] Creating group with existing group name (unsuccessful)","","Thu Dec 25 16:45:15 PKT 2025","failed","Thu Dec 25 16:45:24 PKT 2025","","18.Security Groups Tests","",""
"","5869","[PD-680] Увеличить NVME диск вручную - Без перезагрузки сервера (математические символы)","","Thu Dec 25 15:53:26 PKT 2025","passed","Thu Dec 25 15:53:32 PKT 2025","","7.Servers - Disks tab Part2","",""
"","4390","Увеличить размер диска (Размер превышает лимит)","","Thu Dec 25 15:57:38 PKT 2025","failed","Thu Dec 25 15:57:42 PKT 2025","","8.Servers - Disks tab Part3","",""
"","12891","Добавить сеть ( С перезагрузкой сервера )","","Thu Dec 25 16:02:31 PKT 2025","passed","Thu Dec 25 16:02:44 PKT 2025","","9.Servers - Local Network tab","",""
"","38903","Отвязать диск и убедиться, что он появился в разделе глобальных дисков","","Thu Dec 25 15:39:28 PKT 2025","passed","Thu Dec 25 15:40:07 PKT 2025","","6.Servers - Disks tab Part1","",""
"","11656","PD-193 Восстановить бэкап","","Thu Dec 25 17:02:47 PKT 2025","passed","Thu Dec 25 17:02:58 PKT 2025","","20.Backups Tests","",""
"","18210","[PD-23] Создать новый сервер с неправильными ресурсами (SSD Disk больше лимита)","","Thu Dec 25 15:16:22 PKT 2025","passed","Thu Dec 25 15:16:41 PKT 2025","","3.Create Server Tests Part2","",""
"","9413","[PD-728] Marking any HDD disk out of 10 as a Boot Disk","","Thu Dec 25 15:41:07 PKT 2025","passed","Thu Dec 25 15:41:17 PKT 2025","","6.Servers - Disks tab Part1","",""
"","9590","PD-529 Terms Of Service link validation","","Thu Dec 25 17:24:46 PKT 2025","passed","Thu Dec 25 17:24:55 PKT 2025","","22.Object Storage Tests","",""
"","6434","[PD-687] Привязать NVME диск к BM","","Thu Dec 25 15:55:47 PKT 2025","passed","Thu Dec 25 15:55:54 PKT 2025","","7.Servers - Disks tab Part2","",""
"","5072","[PD-672] Изменить имя диска NVME (только цифры)","","Thu Dec 25 15:53:09 PKT 2025","passed","Thu Dec 25 15:53:14 PKT 2025","","7.Servers - Disks tab Part2","",""
"","6577","Удалить сервер с публичным IP. (должна появиться галка об отключении IP)","","Thu Dec 25 15:19:52 PKT 2025","passed","Thu Dec 25 15:19:58 PKT 2025","","4.Servers - Configuration tab","",""
"","8582","[PD-61] Пометить второй диск как загрузочный. (первый должен стать не загрузочным)","","Thu Dec 25 15:56:50 PKT 2025","passed","Thu Dec 25 15:56:58 PKT 2025","","8.Servers - Disks tab Part3","",""
"","13676","[PD-730] Marking any NVME disk out of 10 as a Boot Disk","","Thu Dec 25 15:44:38 PKT 2025","passed","Thu Dec 25 15:44:51 PKT 2025","","6.Servers - Disks tab Part1","",""
"","8827","PD-751, 774 Delete Versioning and Block combined bucket","","Thu Dec 25 17:21:11 PKT 2025","failed","Thu Dec 25 17:21:20 PKT 2025","","22.Object Storage Tests","",""
"","10967","PD-555, PD-552 Bucket overview - Delete selected object (s)","","Thu Dec 25 17:27:14 PKT 2025","passed","Thu Dec 25 17:27:25 PKT 2025","","22.Object Storage Tests","",""
"","5970","[PD-675] Увеличить NVME диск автоматически - С перезагрузкой серверa (математические символы)","","Thu Dec 25 15:54:44 PKT 2025","passed","Thu Dec 25 15:54:50 PKT 2025","","7.Servers - Disks tab Part2","",""
"","4787","PD-86 Добавить расписание (С Без названия)","","Thu Dec 25 16:27:48 PKT 2025","passed","Thu Dec 25 16:27:53 PKT 2025","","12.Servers - Schedule Backup tab","",""
"","19514","[PD-820, PD-451] Create - External LB with UDP","","Thu Dec 25 16:37:46 PKT 2025","passed","Thu Dec 25 16:38:05 PKT 2025","","14.Load Balancer Tests","",""
"","5950","[PD-171] Удалить пользовательский образ, не связанный с серверами","","Thu Dec 25 17:04:08 PKT 2025","passed","Thu Dec 25 17:04:14 PKT 2025","","21.Custom Templates Tests","",""
"","5636","PD-534 Creating bucket with less than min length name (unsuccessful)","","Thu Dec 25 17:25:34 PKT 2025","passed","Thu Dec 25 17:25:40 PKT 2025","","22.Object Storage Tests","",""
"","15093","Изменить IP у имеющейся сети","","Thu Dec 25 16:03:46 PKT 2025","passed","Thu Dec 25 16:04:01 PKT 2025","","9.Servers - Local Network tab","",""
"","13711","PD-539 Creating bucket for Public-read mode","","Thu Dec 25 17:25:58 PKT 2025","passed","Thu Dec 25 17:26:12 PKT 2025","","22.Object Storage Tests","",""
"","6294","[PD-12] Проверка обязательности полей","","Thu Dec 25 15:03:47 PKT 2025","passed","Thu Dec 25 15:03:53 PKT 2025","","2.Create Server Tests Part1","",""
"","5763","[PD-697] Пометить NVME диск как загрузочный -  кнопка «Отмена»","","Thu Dec 25 15:55:21 PKT 2025","passed","Thu Dec 25 15:55:26 PKT 2025","","7.Servers - Disks tab Part2","",""
"","5818","[PD-169] Загрузить новый пользовательский образ (с указанием минимальных параметров превышая максимума)","","Thu Dec 25 17:04:02 PKT 2025","passed","Thu Dec 25 17:04:08 PKT 2025","","21.Custom Templates Tests","",""
"","13645","PD-531, PD-538, PD-543 Creating bucket with valid name for any mode (successful)","","Thu Dec 25 17:25:08 PKT 2025","passed","Thu Dec 25 17:25:22 PKT 2025","","22.Object Storage Tests","",""
"","7453","[PD-479, PD-482] Creating security group with inbound rule (Reject)","","Thu Dec 25 16:51:53 PKT 2025","passed","Thu Dec 25 16:52:00 PKT 2025","","18.Security Groups Tests","",""
"","7251","[PD-734] Attach any HDD disk to VM up to 10","","Thu Dec 25 15:41:25 PKT 2025","passed","Thu Dec 25 15:41:33 PKT 2025","","6.Servers - Disks tab Part1","",""
"","9155","PD-749 Delete Versioning bucket","","Thu Dec 25 17:20:51 PKT 2025","failed","Thu Dec 25 17:21:00 PKT 2025","","22.Object Storage Tests","",""
"","14673","[PD-18] Создать новый сервер с неправильными ресурсами (CPU негативное число)","","Thu Dec 25 15:04:55 PKT 2025","passed","Thu Dec 25 15:05:10 PKT 2025","","2.Create Server Tests Part1","",""
"","109915","PD-190 Отображение список Бэкапы","","Thu Dec 25 17:00:44 PKT 2025","passed","Thu Dec 25 17:02:34 PKT 2025","","20.Backups Tests","",""
"","12932","[PD-473, PD-476] Creating security group with inbound rule (Accept)","","Thu Dec 25 16:51:40 PKT 2025","passed","Thu Dec 25 16:51:53 PKT 2025","","18.Security Groups Tests","",""
"","14695","[PD-54] Изменить тип диска с проверкой после этого новых значений лимитов","","Thu Dec 25 15:56:58 PKT 2025","failed","Thu Dec 25 15:57:13 PKT 2025","","8.Servers - Disks tab Part3","",""
"","9222","[PD-471] Cancel button while creating group","","Thu Dec 25 16:45:24 PKT 2025","failed","Thu Dec 25 16:45:33 PKT 2025","","18.Security Groups Tests","",""
"","6296","PD-536 Creating bucket with existing bucket name (unsuccessful)","","Thu Dec 25 17:25:46 PKT 2025","passed","Thu Dec 25 17:25:52 PKT 2025","","22.Object Storage Tests","",""
"","13153","[PD-22] Создать новый сервер с неправильными ресурсами (RAM математические символы +/-)","","Thu Dec 25 15:05:50 PKT 2025","passed","Thu Dec 25 15:06:03 PKT 2025","","2.Create Server Tests Part1","",""
"","12678","[PD-449, PD-450] Create - LB with valid ports - editing ports","","Thu Dec 25 16:39:53 PKT 2025","failed","Thu Dec 25 16:40:05 PKT 2025","","14.Load Balancer Tests","",""
"","34765","[PD-702] Adding up to 10 HDD disks to VM","","Thu Dec 25 15:40:07 PKT 2025","passed","Thu Dec 25 15:40:42 PKT 2025","","6.Servers - Disks tab Part1","",""
"","5720","PD-537 Creating bucket with math symbols/space name (unsuccessful)","","Thu Dec 25 17:25:52 PKT 2025","passed","Thu Dec 25 17:25:58 PKT 2025","","22.Object Storage Tests","",""
"","5978","[PD-152] Создать диск неправильное называние","","Thu Dec 25 16:54:33 PKT 2025","passed","Thu Dec 25 16:54:39 PKT 2025","","19.Disks Tests","",""
"","9326","[PD-495, PD-498] Creating security group with outbound rule (Reject)","","Thu Dec 25 16:52:17 PKT 2025","passed","Thu Dec 25 16:52:27 PKT 2025","","18.Security Groups Tests","",""
"","13440","[PD-455] Terms of Service link validation","","Thu Dec 25 16:37:00 PKT 2025","passed","Thu Dec 25 16:37:13 PKT 2025","","14.Load Balancer Tests","",""
"","4449","[PD-151] Создать диск пустое называние","","Thu Dec 25 16:54:29 PKT 2025","passed","Thu Dec 25 16:54:33 PKT 2025","","19.Disks Tests","",""
"","4661","[PD-110] При пяти неправильных попытках входа, блокируется на час","","Thu Dec 25 14:59:41 PKT 2025","passed","Thu Dec 25 14:59:45 PKT 2025","","1.Login Tests","",""
"","14700","[PD-99] Гибернация","","Thu Dec 25 15:22:47 PKT 2025","passed","Thu Dec 25 15:23:01 PKT 2025","","5.Servers - Actions","",""
"","122876","PD-72 Создать бэкап","","Thu Dec 25 16:17:14 PKT 2025","passed","Thu Dec 25 16:19:17 PKT 2025","","11.Servers - Backups tab","",""
"","5131","Редактировать конфигурацию сервера (CPU - негативное число )","","Thu Dec 25 15:20:29 PKT 2025","passed","Thu Dec 25 15:20:34 PKT 2025","","4.Servers - Configuration tab","",""
"","9341","Добавить диск","","Thu Dec 25 15:36:57 PKT 2025","passed","Thu Dec 25 15:37:07 PKT 2025","","6.Servers - Disks tab Part1","",""
"","7610","[PD-488] Deleting added inbound rule","","Thu Dec 25 16:52:00 PKT 2025","passed","Thu Dec 25 16:52:08 PKT 2025","","18.Security Groups Tests","",""
"","5546","Редактировать конфигурацию сервера ( слова с пробелами )","","Thu Dec 25 15:20:05 PKT 2025","passed","Thu Dec 25 15:20:10 PKT 2025","","4.Servers - Configuration tab","",""
"","5748","[PD-698] Отвязать NVME диск от ВМ - кнопка «Отмена»","","Thu Dec 25 15:55:27 PKT 2025","passed","Thu Dec 25 15:55:32 PKT 2025","","7.Servers - Disks tab Part2","",""
"","16806","PD-75 Удалить бэкап","","Thu Dec 25 16:21:24 PKT 2025","passed","Thu Dec 25 16:21:41 PKT 2025","","11.Servers - Backups tab","",""
"","19308","[PD-136, PD-446] Create - Internal LB with UDP","","Thu Dec 25 16:38:25 PKT 2025","passed","Thu Dec 25 16:38:44 PKT 2025","","14.Load Balancer Tests","",""
"","4279","[PD-825] Edit - editing LB Name and Description with invalid data (unsuccessful)","","Thu Dec 25 16:40:33 PKT 2025","failed","Thu Dec 25 16:40:37 PKT 2025","","14.Load Balancer Tests","",""
"","8267","[PD-711] Renaming any HHD disk out of 10 (invalid data - unsuccessful)","","Thu Dec 25 15:40:42 PKT 2025","passed","Thu Dec 25 15:40:50 PKT 2025","","6.Servers - Disks tab Part1","",""
"","13090","[PD-112] Создать новый сервер с неправильными ресурсами (HDD Disk негативное число)","","Thu Dec 25 15:15:17 PKT 2025","passed","Thu Dec 25 15:15:30 PKT 2025","","3.Create Server Tests Part2","",""
"","8176","Добавить диск (Размер математические символы)","","Thu Dec 25 15:37:36 PKT 2025","passed","Thu Dec 25 15:37:45 PKT 2025","","6.Servers - Disks tab Part1","",""
"","21928","[PD-710] Deleting any NVME disk out of 10 or all of them","","Thu Dec 25 15:45:15 PKT 2025","passed","Thu Dec 25 15:45:37 PKT 2025","","6.Servers - Disks tab Part1","",""
"","5768","PD-532 Creating bucket with uppercase letter name (unsuccessful)","","Thu Dec 25 17:25:22 PKT 2025","passed","Thu Dec 25 17:25:28 PKT 2025","","22.Object Storage Tests","",""
"","10907","[PD-732] Detach any SSD disk out of 10","","Thu Dec 25 15:43:02 PKT 2025","passed","Thu Dec 25 15:43:13 PKT 2025","","6.Servers - Disks tab Part1","",""
"","8572","[PD-102] Остановить","","Thu Dec 25 15:26:24 PKT 2025","failed","Thu Dec 25 15:26:32 PKT 2025","","5.Servers - Actions","",""
"","6381","Добавить сеть (Без IP)","","Thu Dec 25 16:03:01 PKT 2025","passed","Thu Dec 25 16:03:07 PKT 2025","","9.Servers - Local Network tab","",""
"","201938","[PD-101] Выключить","","Thu Dec 25 15:23:02 PKT 2025","failed","Thu Dec 25 15:26:24 PKT 2025","","5.Servers - Actions","",""
"","5834","PD-533 Creating bucket with Cyrilic name (unsuccessful)","","Thu Dec 25 17:25:28 PKT 2025","passed","Thu Dec 25 17:25:34 PKT 2025","","22.Object Storage Tests","",""
"","9061","PD-544 Bucket overview - Uploading file with Add files","","Thu Dec 25 17:26:12 PKT 2025","passed","Thu Dec 25 17:26:21 PKT 2025","","22.Object Storage Tests","",""
"","9747","[PD-100] Возобновить","","Thu Dec 25 15:22:37 PKT 2025","passed","Thu Dec 25 15:22:47 PKT 2025","","5.Servers - Actions","",""
"","5227","Редактировать конфигурацию сервера ( RAM - негативное число )","","Thu Dec 25 15:20:44 PKT 2025","passed","Thu Dec 25 15:20:50 PKT 2025","","4.Servers - Configuration tab","",""
"","8880","[PD-445] Create - LB with empty name (unsuccessful))","","Thu Dec 25 16:38:55 PKT 2025","passed","Thu Dec 25 16:39:04 PKT 2025","","14.Load Balancer Tests","",""
"","5984","[PD-701] Привязать NVME диск к BM - кнопка X","","Thu Dec 25 15:55:41 PKT 2025","passed","Thu Dec 25 15:55:47 PKT 2025","","7.Servers - Disks tab Part2","",""
"","5725","PD-192 Поиск бэкапы по названию сервера","","Thu Dec 25 17:02:41 PKT 2025","passed","Thu Dec 25 17:02:47 PKT 2025","","20.Backups Tests","",""
"","3973","Отображение список серверов","","Thu Dec 25 16:36:33 PKT 2025","passed","Thu Dec 25 16:36:37 PKT 2025","","13.Servers list Tests ","",""
"","11297","PD-559-560-561 View Object - Share button, changing Expire time","","Thu Dec 25 17:27:57 PKT 2025","passed","Thu Dec 25 17:28:08 PKT 2025","","22.Object Storage Tests","",""
"","9888","[PD-832] Delete - deleting Internal LB with TCP","","Thu Dec 25 16:41:44 PKT 2025","passed","Thu Dec 25 16:41:54 PKT 2025","","14.Load Balancer Tests","",""
"","6499","PD-463 Resource visibility - attaching DNS to a single project","","Thu Dec 25 16:43:08 PKT 2025","passed","Thu Dec 25 16:43:15 PKT 2025","","17.Networks - Dns tab","",""
"","4188","Открыть детали сервера (с нажатием на сервер в списке)","","Thu Dec 25 16:36:42 PKT 2025","passed","Thu Dec 25 16:36:46 PKT 2025","","13.Servers list Tests ","",""
"","39669","[PD-704] Adding up to 10 NVME disks to VM","","Thu Dec 25 15:43:42 PKT 2025","passed","Thu Dec 25 15:44:21 PKT 2025","","6.Servers - Disks tab Part1","",""
"","8733","[PD-714] Changing any HHD disk out of 10 to SSD type","","Thu Dec 25 15:40:58 PKT 2025","passed","Thu Dec 25 15:41:07 PKT 2025","","6.Servers - Disks tab Part1","",""
"","18262","[PD-30] Создать новый сервер с новой локальной сетью и некорректный формат поля IP (остальные поле корректные)","","Thu Dec 25 15:16:55 PKT 2025","passed","Thu Dec 25 15:17:13 PKT 2025","","3.Create Server Tests Part2","",""
"","9491","[PD-736] Attach any NVME disk to VM up to 10","","Thu Dec 25 15:45:05 PKT 2025","passed","Thu Dec 25 15:45:15 PKT 2025","","6.Servers - Disks tab Part1","",""
"","4631","PD-460 Creating DNS with invalid IP address (unsuccessful)","","Thu Dec 25 16:42:48 PKT 2025","passed","Thu Dec 25 16:42:53 PKT 2025","","17.Networks - Dns tab","",""
"","30863","[PD-826, PD-827] Edit - editing existing ports","","Thu Dec 25 16:40:49 PKT 2025","failed","Thu Dec 25 16:41:20 PKT 2025","","14.Load Balancer Tests","",""
"","8741","[PD-447] Create - LB with port number > 65536 (unsuccessful)","","Thu Dec 25 16:39:24 PKT 2025","passed","Thu Dec 25 16:39:33 PKT 2025","","14.Load Balancer Tests","",""
"","4671","Редактировать конфигурацию сервера ( CPU - математическый символ )","","Thu Dec 25 15:20:34 PKT 2025","passed","Thu Dec 25 15:20:39 PKT 2025","","4.Servers - Configuration tab","",""
"","20598","Отвязать сеть (Без подтверждения перезагрузки). Статус должен остаться В работе","","Thu Dec 25 16:04:36 PKT 2025","passed","Thu Dec 25 16:04:56 PKT 2025","","9.Servers - Local Network tab","",""
"","8662","Увеличить размер диска (Размер математические символи)","","Thu Dec 25 15:57:47 PKT 2025","failed","Thu Dec 25 15:57:56 PKT 2025","","8.Servers - Disks tab Part3","",""
"","6072","PD-191 Поиск бэкапы по названию","","Thu Dec 25 17:02:35 PKT 2025","passed","Thu Dec 25 17:02:41 PKT 2025","","20.Backups Tests","",""
"","30154","Добавить уже имеющуюся сеть второй раз (не должно дать)","","Thu Dec 25 16:03:16 PKT 2025","passed","Thu Dec 25 16:03:46 PKT 2025","","9.Servers - Local Network tab","",""
"","8768","[PD-489, PD-492] Creating security group with outbound rule (Accept)","","Thu Dec 25 16:52:08 PKT 2025","passed","Thu Dec 25 16:52:17 PKT 2025","","18.Security Groups Tests","",""
"","7987","[PD-691] Создать NVME диск (менее 3 символов)","","Thu Dec 25 15:52:07 PKT 2025","passed","Thu Dec 25 15:52:15 PKT 2025","","7.Servers - Disks tab Part2","",""
"","12096","[PD-831] Delete - deleting External LB with UDP","","Thu Dec 25 16:41:31 PKT 2025","passed","Thu Dec 25 16:41:44 PKT 2025","","14.Load Balancer Tests","",""
"","6264","[PD-126] Удалить сервер с пользовательким образом","","Thu Dec 25 15:19:58 PKT 2025","passed","Thu Dec 25 15:20:05 PKT 2025","","4.Servers - Configuration tab","",""
"","5164","[PD-669] Изменить имя диска NVME (математические символы)","","Thu Dec 25 15:52:52 PKT 2025","passed","Thu Dec 25 15:52:57 PKT 2025","","7.Servers - Disks tab Part2","",""
"","5188","Редактировать конфигурацию сервера ( пустое называние )","","Thu Dec 25 15:20:10 PKT 2025","passed","Thu Dec 25 15:20:15 PKT 2025","","4.Servers - Configuration tab","",""
"","7696","[PD-689] Создать NVME диск (пустое называние)","","Thu Dec 25 15:51:51 PKT 2025","passed","Thu Dec 25 15:51:59 PKT 2025","","7.Servers - Disks tab Part2","",""
"","15272","[PD-16] Создать новый сервер с неправильным называнием (Только символы)","","Thu Dec 25 15:04:27 PKT 2025","passed","Thu Dec 25 15:04:42 PKT 2025","","2.Create Server Tests Part1","",""
"","9913","[PD-138] Create - LB with existing entity name (unsuccessful))","","Thu Dec 25 16:38:45 PKT 2025","passed","Thu Dec 25 16:38:55 PKT 2025","","14.Load Balancer Tests","",""
"","18590","Изменить IP (Без подтверждения перезагрузки)","","Thu Dec 25 16:04:02 PKT 2025","passed","Thu Dec 25 16:04:20 PKT 2025","","9.Servers - Local Network tab","",""
"","16516","[PD-13] Создать новый сервер с неправильным называнием (2 слово)","","Thu Dec 25 15:03:53 PKT 2025","passed","Thu Dec 25 15:04:10 PKT 2025","","2.Create Server Tests Part1","",""
"","80561","[PD-1] Создать новый сервер с правильными данными (Кейс-1)","","Thu Dec 25 14:59:57 PKT 2025","passed","Thu Dec 25 15:01:17 PKT 2025","","2.Create Server Tests Part1","",""
"","97567","PD-74 Восстановить бэкап","","Thu Dec 25 16:19:46 PKT 2025","passed","Thu Dec 25 16:21:24 PKT 2025","","11.Servers - Backups tab","",""
"","21970","PD-76 Создать бэкап (С одинаковым названием)","","Thu Dec 25 16:19:24 PKT 2025","passed","Thu Dec 25 16:19:46 PKT 2025","","11.Servers - Backups tab","",""
"","7479","[PD-149] Создать диск (SSD)","","Thu Dec 25 16:54:13 PKT 2025","passed","Thu Dec 25 16:54:21 PKT 2025","","19.Disks Tests","",""
"","11060","[PD-163] Загрузить новый пользовательский образ (без указание минимальных параметров)","","Thu Dec 25 17:03:16 PKT 2025","passed","Thu Dec 25 17:03:28 PKT 2025","","21.Custom Templates Tests","",""
"","247","[PD-122] Изменить тип диска с SSD на HDD когда на HDD не хватает лимитов","","Thu Dec 25 15:58:03 PKT 2025","failed","Thu Dec 25 15:58:03 PKT 2025","","8.Servers - Disks tab Part3","",""
"","6375","[PD-468] Creating group without rules (successful)","","Thu Dec 25 16:52:33 PKT 2025","passed","Thu Dec 25 16:52:39 PKT 2025","","18.Security Groups Tests","",""
"","19845","[PD-709] Deleting any SSD disk out of 10 or all of them","","Thu Dec 25 15:43:21 PKT 2025","passed","Thu Dec 25 15:43:41 PKT 2025","","6.Servers - Disks tab Part1","",""
"","19376","[PD-821] Create - Internal LB with TCP","","Thu Dec 25 16:38:05 PKT 2025","passed","Thu Dec 25 16:38:25 PKT 2025","","14.Load Balancer Tests","",""
"","5925","[PD-121] Изменить тип диска с HDD на SSD когда на SSD не хватает лимитов","","Thu Dec 25 15:57:56 PKT 2025","passed","Thu Dec 25 15:58:02 PKT 2025","","8.Servers - Disks tab Part3","",""
"","4758","[PD-694] Создать NVME диск — кнопка X","","Thu Dec 25 15:52:33 PKT 2025","passed","Thu Dec 25 15:52:37 PKT 2025","","7.Servers - Disks tab Part2","",""
"","5266","[PD-678] Увеличить NVME диск вручную - Без перезагрузки сервера","","Thu Dec 25 15:53:20 PKT 2025","passed","Thu Dec 25 15:53:25 PKT 2025","","7.Servers - Disks tab Part2","",""
"","6952","PD-73 Создать бэкап (Без названия)","","Thu Dec 25 16:19:17 PKT 2025","passed","Thu Dec 25 16:19:24 PKT 2025","","11.Servers - Backups tab","",""
"","14247","PD-554 Bucket overview - Move selected multiple objects to another bucket","","Thu Dec 25 17:27:00 PKT 2025","passed","Thu Dec 25 17:27:14 PKT 2025","","22.Object Storage Tests","",""
"","10832","[PD-665] Создать NVME диск","","Thu Dec 25 15:51:40 PKT 2025","passed","Thu Dec 25 15:51:51 PKT 2025","","7.Servers - Disks tab Part2","",""
"","7040","[PD-686] Изменить NVME диск с загрузочного диска","","Thu Dec 25 15:55:13 PKT 2025","passed","Thu Dec 25 15:55:20 PKT 2025","","7.Servers - Disks tab Part2","",""
"","4510","[PD-668] Изменить имя диска NVME (неизмененное называние)","","Thu Dec 25 15:52:48 PKT 2025","passed","Thu Dec 25 15:52:52 PKT 2025","","7.Servers - Disks tab Part2","",""
"","9747","[PD-127] Изменить тип диска","","Thu Dec 25 15:57:13 PKT 2025","failed","Thu Dec 25 15:57:23 PKT 2025","","8.Servers - Disks tab Part3","",""
"","14325","Увеличить размер диска (в список дисков)","","Thu Dec 25 15:57:23 PKT 2025","failed","Thu Dec 25 15:57:37 PKT 2025","","8.Servers - Disks tab Part3","",""
"","10550","PD-548 Bucket overview - Uploading file(s) with Public access rights","","Thu Dec 25 17:27:25 PKT 2025","passed","Thu Dec 25 17:27:36 PKT 2025","","22.Object Storage Tests","",""
"","26476","[PD-494], [PD-500] Creating security group with outbound rule (Accept/Reject -> Protocal: Any, with invalid port and IP)","","Thu Dec 25 16:46:45 PKT 2025","failed","Thu Dec 25 16:47:11 PKT 2025","","18.Security Groups Tests","",""
"","7423","[PD-712] Renaming any SSD disk out of 10 (invalid data - unsuccessful)","","Thu Dec 25 15:42:28 PKT 2025","passed","Thu Dec 25 15:42:35 PKT 2025","","6.Servers - Disks tab Part1","",""
"","18794","[PD-31] Создать новый сервер с новой локальной сетью и пустое поле Адрес подсети (остальные поле корректные)","","Thu Dec 25 15:17:13 PKT 2025","passed","Thu Dec 25 15:17:32 PKT 2025","","3.Create Server Tests Part2","",""
"","6119","[PD-168] Загрузить новый пользовательский образ (с указанием минимальных параметров до максимума)","","Thu Dec 25 17:03:55 PKT 2025","passed","Thu Dec 25 17:04:02 PKT 2025","","21.Custom Templates Tests","",""
"","10224","[PD-830] Delete - deleting External LB with TCP","","Thu Dec 25 16:41:20 PKT 2025","passed","Thu Dec 25 16:41:31 PKT 2025","","14.Load Balancer Tests","",""
"","5645","[PD-666] Изменить имя диска NVME","","Thu Dec 25 15:53:14 PKT 2025","passed","Thu Dec 25 15:53:20 PKT 2025","","7.Servers - Disks tab Part2","",""
"","5806","[PD-681] Увеличить NVME диск вручную - Без перезагрузки сервера (больше максимального лимита)","","Thu Dec 25 15:53:32 PKT 2025","passed","Thu Dec 25 15:53:38 PKT 2025","","7.Servers - Disks tab Part2","",""
"","12730","[PD-21] Создать новый сервер с неправильными ресурсами (RAM негативное число)","","Thu Dec 25 15:05:37 PKT 2025","passed","Thu Dec 25 15:05:49 PKT 2025","","2.Create Server Tests Part1","",""
"","7914","[PD-731] Detach any HDD disk out of 10","","Thu Dec 25 15:41:17 PKT 2025","passed","Thu Dec 25 15:41:25 PKT 2025","","6.Servers - Disks tab Part1","",""
"","7082","PD-464 Resource visibility - detaching project from DNS","","Thu Dec 25 16:43:15 PKT 2025","passed","Thu Dec 25 16:43:22 PKT 2025","","17.Networks - Dns tab","",""
"","7357","[PD-469] Creating group with empty name (unsuccessful)","","Thu Dec 25 16:45:07 PKT 2025","failed","Thu Dec 25 16:45:14 PKT 2025","","18.Security Groups Tests","",""
"","5840","[PD-700] Удалить NVME диск из BM - кнопка «Отмена»","","Thu Dec 25 15:55:54 PKT 2025","passed","Thu Dec 25 15:56:00 PKT 2025","","7.Servers - Disks tab Part2","",""
"","24259","[PD-135, PD-139] Create - External LB with TCP","","Thu Dec 25 16:37:21 PKT 2025","passed","Thu Dec 25 16:37:46 PKT 2025","","14.Load Balancer Tests","",""
"","34483","[PD-97] Перезагрузить","","Thu Dec 25 15:21:53 PKT 2025","passed","Thu Dec 25 15:22:27 PKT 2025","","5.Servers - Actions","",""
"","5449","[PD-670] Изменить имя диска NVME (менее 3 символов)","","Thu Dec 25 15:52:58 PKT 2025","passed","Thu Dec 25 15:53:03 PKT 2025","","7.Servers - Disks tab Part2","",""
"","4577","[PD-829] Edit - Cancel button","","Thu Dec 25 16:40:28 PKT 2025","passed","Thu Dec 25 16:40:33 PKT 2025","","14.Load Balancer Tests","",""
"","16451","[PD-111] Создать новый сервер с неправильными ресурсами (HDD Disk больше лимита)","","Thu Dec 25 15:15:00 PKT 2025","passed","Thu Dec 25 15:15:17 PKT 2025","","3.Create Server Tests Part2","",""
"","15883","[PD-477], [PD-483] Creating security group with inbound rule (Accept/Reject -> Protocal: Any, with valid port and IP)","","Thu Dec 25 16:45:48 PKT 2025","failed","Thu Dec 25 16:46:04 PKT 2025","","18.Security Groups Tests","",""
"","8849","[PD-137] Create - LB without connecting to backend group (unsuccessful)","","Thu Dec 25 16:39:15 PKT 2025","passed","Thu Dec 25 16:39:24 PKT 2025","","14.Load Balancer Tests","",""
"","67728","[PD-10] Создать новый сервер с правильными данными (Кейс-2)","","Thu Dec 25 15:01:17 PKT 2025","passed","Thu Dec 25 15:02:25 PKT 2025","","2.Create Server Tests Part1","",""
"","17305","[PD-27] Создать новый сервер с неправильным названием расписания Бэкапа ( пустое значение )","","Thu Dec 25 15:15:48 PKT 2025","passed","Thu Dec 25 15:16:06 PKT 2025","","3.Create Server Tests Part2","",""
"","13133","[PD-20] Создать новый сервер с неправильными ресурсами (RAM больше лимита)","","Thu Dec 25 15:05:23 PKT 2025","passed","Thu Dec 25 15:05:36 PKT 2025","","2.Create Server Tests Part1","",""
"","10905","PD-87 Добавить ежедневное расписание с одинаковым временем выполнения","","Thu Dec 25 16:27:53 PKT 2025","passed","Thu Dec 25 16:28:04 PKT 2025","","12.Servers - Schedule Backup tab","",""
"","8829","[PD-833] Delete - deleting Internal LB with UDP","","Thu Dec 25 16:41:54 PKT 2025","passed","Thu Dec 25 16:42:03 PKT 2025","","14.Load Balancer Tests","",""
"","9355","[PD-713] Renaming any NVME disk out of 10 (invalid data - unsuccessful)","","Thu Dec 25 15:44:22 PKT 2025","passed","Thu Dec 25 15:44:31 PKT 2025","","6.Servers - Disks tab Part1","",""
"","13747","[PD-114] Создать новый сервер с указанием локального IP и пустым названием новой сети","","Thu Dec 25 15:17:32 PKT 2025","passed","Thu Dec 25 15:17:46 PKT 2025","","3.Create Server Tests Part2","",""
"","18938","[PD-153] Изменить тип диска с SSD на HDD","","Thu Dec 25 16:54:40 PKT 2025","failed","Thu Dec 25 16:54:59 PKT 2025","","19.Disks Tests","",""
"","14840","PD-77 Добавить сеть (С перезагрузкой сервера). должен появиться НЕ свободным в списке публичных сетей","","Thu Dec 25 16:16:21 PKT 2025","passed","Thu Dec 25 16:16:36 PKT 2025","","10.Servers - Public IPs tab","",""
"","9466","[PD-729] Marking any SSD disk out of 10 as a Boot Disk","","Thu Dec 25 15:42:52 PKT 2025","passed","Thu Dec 25 15:43:02 PKT 2025","","6.Servers - Disks tab Part1","",""
"","12550","PD-530 AWS CLI Installation Guide link validation ","","Thu Dec 25 17:24:55 PKT 2025","passed","Thu Dec 25 17:25:08 PKT 2025","","22.Object Storage Tests","",""
"","5349","[PD-676] Увеличить NVME диск автоматически - С перезагрузкой серверa (больше максимального лимита)","","Thu Dec 25 15:54:50 PKT 2025","passed","Thu Dec 25 15:54:55 PKT 2025","","7.Servers - Disks tab Part2","",""
"","16531","[PD-15] Создать новый сервер с неправильным называнием (Кириллица)","","Thu Dec 25 15:04:10 PKT 2025","passed","Thu Dec 25 15:04:26 PKT 2025","","2.Create Server Tests Part1","",""
"","18325","[PD-478], [PD-484] Creating security group with inbound rule (Accept/Reject -> Protocal: Any, with invalid port and IP)","","Thu Dec 25 16:46:05 PKT 2025","failed","Thu Dec 25 16:46:23 PKT 2025","","18.Security Groups Tests","",""
"","8453","[PD-690] Создать NVME диск (математические символы)","","Thu Dec 25 15:51:59 PKT 2025","passed","Thu Dec 25 15:52:07 PKT 2025","","7.Servers - Disks tab Part2","",""
"","6183","PD-195 Удалить бэкап","","Thu Dec 25 17:02:59 PKT 2025","passed","Thu Dec 25 17:03:05 PKT 2025","","20.Backups Tests","",""
"","7224","Добавить диск (Размер негативное число)","","Thu Dec 25 15:37:29 PKT 2025","passed","Thu Dec 25 15:37:36 PKT 2025","","6.Servers - Disks tab Part1","",""
"","15167","[PD-106] Создать новый сервер, с локальным IP, выбрав уже имеющуюся локальную сеть из списка","","Thu Dec 25 15:17:46 PKT 2025","passed","Thu Dec 25 15:18:01 PKT 2025","","3.Create Server Tests Part2","",""
"","34626","Привязать диск когда сервер не остановлен","","Thu Dec 25 15:38:19 PKT 2025","passed","Thu Dec 25 15:38:53 PKT 2025","","6.Servers - Disks tab Part1","",""
"","20915","[PD-154] Изменить тип диска с HDD на SSD","","Thu Dec 25 16:54:59 PKT 2025","failed","Thu Dec 25 16:55:20 PKT 2025","","19.Disks Tests","",""
"","7761","PD-570-574, 773 Settings page - Object Retention tests","","Thu Dec 25 17:29:52 PKT 2025","failed","Thu Dec 25 17:30:00 PKT 2025","","22.Object Storage Tests","",""
"","8573","Добавить диск когда сервер не остановлен","","Thu Dec 25 15:37:53 PKT 2025","failed","Thu Dec 25 15:38:02 PKT 2025","","6.Servers - Disks tab Part1","",""
"","5239","Редактировать конфигурацию сервера ( CPU - превышает лимит )","","Thu Dec 25 15:20:39 PKT 2025","passed","Thu Dec 25 15:20:44 PKT 2025","","4.Servers - Configuration tab","",""
"","4073","PD-466 X icon while assigning for Resource visibility","","Thu Dec 25 16:43:22 PKT 2025","passed","Thu Dec 25 16:43:26 PKT 2025","","17.Networks - Dns tab","",""
"","34158","Отвязать диск когда сервер не остановлен","","Thu Dec 25 15:38:54 PKT 2025","passed","Thu Dec 25 15:39:28 PKT 2025","","6.Servers - Disks tab Part1","",""
"","12499","[PD-17] Создать новый сервер с неправильными ресурсами (CPU больше лимита)","","Thu Dec 25 15:04:42 PKT 2025","passed","Thu Dec 25 15:04:55 PKT 2025","","2.Create Server Tests Part1","",""
"","16131","PD-80 Отвязать сеть (С подтверждаю перезагрузку). должен появиться свободным в списке публичных сетей","","Thu Dec 25 16:16:51 PKT 2025","passed","Thu Dec 25 16:17:07 PKT 2025","","10.Servers - Public IPs tab","",""
"","8000","[PD-715] Changing any SSD disk out of 10 to HDD type","","Thu Dec 25 15:42:44 PKT 2025","passed","Thu Dec 25 15:42:52 PKT 2025","","6.Servers - Disks tab Part1","",""
"","7650","[PD-456] Price List link validation","","Thu Dec 25 16:37:13 PKT 2025","passed","Thu Dec 25 16:37:21 PKT 2025","","14.Load Balancer Tests","",""
"","11397","PD-558 View object - Download","","Thu Dec 25 17:27:45 PKT 2025","passed","Thu Dec 25 17:27:57 PKT 2025","","22.Object Storage Tests","",""
"","5637","PD-467 Deleting DNS address","","Thu Dec 25 16:43:27 PKT 2025","passed","Thu Dec 25 16:43:32 PKT 2025","","17.Networks - Dns tab","",""
"","14118","[PD-472] X icon while creating group","","Thu Dec 25 16:45:34 PKT 2025","failed","Thu Dec 25 16:45:48 PKT 2025","","18.Security Groups Tests","",""
"","8317","[PD-692] Создать NVME диск (не латиница)","","Thu Dec 25 15:52:16 PKT 2025","passed","Thu Dec 25 15:52:24 PKT 2025","","7.Servers - Disks tab Part2","",""
"","8286","Добавить диск (пустое называние)","","Thu Dec 25 15:37:12 PKT 2025","passed","Thu Dec 25 15:37:20 PKT 2025","","6.Servers - Disks tab Part1","",""
"","22515","PD-545 Bucket overview - Uploading multiple files with Add files","","Thu Dec 25 17:26:21 PKT 2025","passed","Thu Dec 25 17:26:44 PKT 2025","","22.Object Storage Tests","",""
"","18395","PD-84 Добавить расписание (С Месяц)","","Thu Dec 25 16:27:08 PKT 2025","passed","Thu Dec 25 16:27:27 PKT 2025","","12.Servers - Schedule Backup tab","",""
"","8047","[PD-685] Отвязать NVME диск от ВМ","","Thu Dec 25 15:55:33 PKT 2025","passed","Thu Dec 25 15:55:41 PKT 2025","","7.Servers - Disks tab Part2","",""
"","13503","[PD-453] Create - LB with backend group - deleting server","","Thu Dec 25 16:40:06 PKT 2025","failed","Thu Dec 25 16:40:19 PKT 2025","","14.Load Balancer Tests","",""
"","5290","Добавить диск (неправильное называние)","","Thu Dec 25 15:37:07 PKT 2025","passed","Thu Dec 25 15:37:12 PKT 2025","","6.Servers - Disks tab Part1","",""
"","16509","PD-565-566-567-568-569 Settings page - changing bucket types","","Thu Dec 25 17:28:22 PKT 2025","passed","Thu Dec 25 17:28:39 PKT 2025","","22.Object Storage Tests","",""
"","3296","[PD-7] Вход в аккаунт (не правильный тип логина)","","Thu Dec 25 14:59:37 PKT 2025","passed","Thu Dec 25 14:59:41 PKT 2025","","1.Login Tests","",""
"","17738","[PD-26] Создать новый сервер с неправильным называнием Бэкапа (кириллица)","","Thu Dec 25 15:15:31 PKT 2025","passed","Thu Dec 25 15:15:48 PKT 2025","","3.Create Server Tests Part2","",""
"","5601","[PD-166] Загрузить новый пользовательский образ (Нет называние)","","Thu Dec 25 17:03:38 PKT 2025","passed","Thu Dec 25 17:03:44 PKT 2025","","21.Custom Templates Tests","",""
"","59780","[PD-673] Увеличить NVME диск автоматически - С перезагрузкой серверa","","Thu Dec 25 15:53:44 PKT 2025","passed","Thu Dec 25 15:54:43 PKT 2025","","7.Servers - Disks tab Part2","",""
"","5284","[PD-707] Renaming any NVME disk out of 10 (successful)","","Thu Dec 25 15:44:32 PKT 2025","passed","Thu Dec 25 15:44:37 PKT 2025","","6.Servers - Disks tab Part1","",""
"","37759","[PD-703] Adding up to 10 SSD disks to VM","","Thu Dec 25 15:41:50 PKT 2025","passed","Thu Dec 25 15:42:28 PKT 2025","","6.Servers - Disks tab Part1","",""
"","76797","PD-107 Если в списке есть сервер, в статусе Восстановление бэкапа, то невозможно зайти в его детали","","Thu Dec 25 16:28:35 PKT 2025","failed","Thu Dec 25 16:29:52 PKT 2025","","13.Servers list Tests ","",""
"","81504","[PD-11] Создать новый сервер с правильными данными (Кейс-3)","","Thu Dec 25 15:02:25 PKT 2025","passed","Thu Dec 25 15:03:47 PKT 2025","","2.Create Server Tests Part1","",""
"","10372","PD-747 Delete Public-read bucket","","Thu Dec 25 17:20:30 PKT 2025","failed","Thu Dec 25 17:20:41 PKT 2025","","22.Object Storage Tests","",""
"","8937","PD-748 Delete Public-full-access bucket","","Thu Dec 25 17:20:41 PKT 2025","failed","Thu Dec 25 17:20:50 PKT 2025","","22.Object Storage Tests","",""
"","12287","[PD-19] Создать новый сервер с неправильными ресурсами (CPU математические символы +/-)","","Thu Dec 25 15:05:10 PKT 2025","passed","Thu Dec 25 15:05:23 PKT 2025","","2.Create Server Tests Part1","",""
"","4430","PD-461 Creating DNS with empty value (unsuccessful)","","Thu Dec 25 16:42:53 PKT 2025","passed","Thu Dec 25 16:42:57 PKT 2025","","17.Networks - Dns tab","",""
"","8315","[PD-444] Create - Cancel button while adding","","Thu Dec 25 16:40:19 PKT 2025","passed","Thu Dec 25 16:40:28 PKT 2025","","14.Load Balancer Tests","",""
"","4646","[PD-696] Увеличение размерa NVME дискa — кнопка X","","Thu Dec 25 15:55:01 PKT 2025","passed","Thu Dec 25 15:55:06 PKT 2025","","7.Servers - Disks tab Part2","",""
"","5710","[PD-504] Deleting added outbound rule","","Thu Dec 25 16:52:27 PKT 2025","passed","Thu Dec 25 16:52:32 PKT 2025","","18.Security Groups Tests","",""
"","18115","PD-541 Creating bucket for Versioning access mode","","Thu Dec 25 17:28:55 PKT 2025","passed","Thu Dec 25 17:29:13 PKT 2025","","22.Object Storage Tests","",""
"","5591","[PD-688] Удалить NVME диск из BM","","Thu Dec 25 15:56:00 PKT 2025","passed","Thu Dec 25 15:56:06 PKT 2025","","7.Servers - Disks tab Part2","",""
"","5335","PD-535 Creating bucket with empty name (unsuccessful)","","Thu Dec 25 17:25:40 PKT 2025","passed","Thu Dec 25 17:25:45 PKT 2025","","22.Object Storage Tests","",""
"","17554","PD-82 Добавить расписание (С День)","","Thu Dec 25 16:26:33 PKT 2025","passed","Thu Dec 25 16:26:50 PKT 2025","","12.Servers - Schedule Backup tab","",""
"","6965","[PD-683] Пометить NVME диск как загрузочным","","Thu Dec 25 15:55:06 PKT 2025","passed","Thu Dec 25 15:55:13 PKT 2025","","7.Servers - Disks tab Part2","",""
"","5136","Увеличить размер диска (Размер негативное число)","","Thu Dec 25 15:57:42 PKT 2025","passed","Thu Dec 25 15:57:47 PKT 2025","","8.Servers - Disks tab Part3","",""
